epoch,step,test_loss,test_mae,test_mse,train_loss,train_mae,train_mse,val_loss,val_mae,val_mse
0,44,,,,,,,1.9976553916931152,306.243896484375,161847.78125
1,49,,,,1.3529630899429321,142.2835235595703,36064.7578125,,,
1,89,,,,,,,1.6951364278793335,218.13668823242188,80602.3203125
2,99,,,,1.6127629280090332,208.3861846923828,65596.84375,,,
2,134,,,,,,,1.4874547719955444,170.31040954589844,49991.7734375
3,149,,,,0.8191708922386169,84.4320068359375,10550.9326171875,,,
3,179,,,,,,,0.6064322590827942,59.18833541870117,6591.421875
4,199,,,,-0.5481637120246887,15.268465042114258,452.85205078125,,,
4,224,,,,,,,1.512238621711731,176.31405639648438,52902.9453125
5,249,,,,0.5787328481674194,61.746315002441406,6065.3076171875,,,
5,269,,,,,,,0.46501633524894714,53.7894172668457,4735.3779296875
6,299,,,,0.34490105509757996,49.186553955078125,3540.14453125,,,
6,314,,,,,,,0.3874843418598175,45.056156158447266,3985.60009765625
7,349,,,,-1.3791049718856812,6.810344696044922,66.83670043945312,,,
7,359,,,,,,,-1.5806884765625,5.646970272064209,42.238525390625
8,399,,,,-1.435098648071289,6.407031059265137,58.75182342529297,,,
8,404,,,,,,,-1.492838978767395,6.123892784118652,51.611671447753906
9,449,,,,-1.5201410055160522,6.0507588386535645,48.303550720214844,,,
9,449,,,,,,,-1.5815259218215942,5.553305625915527,42.155338287353516
10,494,,,,,,,-1.5741709470748901,5.6604485511779785,42.86448669433594
11,499,,,,-1.6568090915679932,5.005128860473633,35.2623291015625,,,
11,539,,,,,,,-1.6159085035324097,5.323411464691162,38.99314498901367
12,549,,,,-1.5489007234573364,5.7042436599731445,45.20841979980469,,,
12,584,,,,,,,-1.5368270874023438,5.785133361816406,46.701148986816406
13,599,,,,-1.398177981376648,6.575434684753418,63.964942932128906,,,
13,629,,,,,,,-1.6334843635559082,5.137374401092529,37.47287368774414
14,649,,,,-1.5751619338989258,5.515691757202148,42.55574035644531,,,
14,674,,,,,,,-1.6392849683761597,5.105863094329834,37.00031661987305
15,699,,,,-1.5070834159851074,5.895219802856445,49.77790832519531,,,
15,719,,,,,,,-1.5815471410751343,5.4538187980651855,42.15402603149414
16,749,,,,-1.5773082971572876,5.412467956542969,42.3459358215332,,,
16,764,,,,,,,-1.471742868423462,6.06260347366333,54.24890899658203
17,799,,,,-1.6675195693969727,5.000244140625,34.40332794189453,,,
17,809,,,,,,,-1.6085726022720337,5.285958290100098,39.71247482299805
18,849,,,,-1.6333755254745483,5.139552116394043,37.21726608276367,,,
18,854,,,,,,,-1.6364480257034302,5.130834579467773,37.23496627807617
19,899,,,,-1.7003977298736572,4.576383590698242,31.894977569580078,,,
19,899,,,,,,,-1.5995516777038574,5.300525665283203,40.56111526489258
20,944,,,,,,,-1.6147352457046509,5.245336055755615,39.09659957885742
21,949,,,,-1.6803274154663086,4.846252918243408,33.4035530090332,,,
21,989,,,,,,,-1.6461907625198364,5.028402805328369,36.425846099853516
22,999,,,,-1.6090872287750244,5.191511154174805,39.35797882080078,,,
22,1034,,,,,,,-1.6128448247909546,5.261673450469971,39.33243179321289
23,1049,,,,-1.6418660879135132,5.060047626495361,36.496726989746094,,,
23,1079,,,,,,,-1.6074833869934082,5.276728630065918,39.7336540222168
24,1099,,,,-1.548488974571228,5.501945495605469,45.25129699707031,,,
24,1124,,,,,,,-1.6496992111206055,5.005030632019043,36.15498733520508
25,1149,,,,-1.5484873056411743,5.620162010192871,45.2514762878418,,,
25,1169,,,,,,,-1.6332582235336304,5.088127136230469,37.53408432006836
26,1199,,,,-1.666048526763916,4.8491291999816895,34.520057678222656,,,
26,1214,,,,,,,-1.552000880241394,5.544426918029785,45.10346984863281
27,1249,,,,-1.6593713760375977,4.913169860839844,35.054893493652344,,,
27,1259,,,,,,,-1.6497080326080322,4.954146385192871,36.1495246887207
28,1299,,,,-1.6283469200134277,5.150178909301758,37.65069580078125,,,
28,1304,,,,,,,-1.6203058958053589,5.164278030395508,38.556427001953125
29,1349,,,,-1.7646574974060059,4.2297492027282715,27.508216857910156,,,
29,1349,,,,,,,-1.5325182676315308,5.634610176086426,47.151546478271484
30,1394,,,,,,,-1.671125888824463,4.885828495025635,34.333587646484375
31,1399,,,,-1.632101058959961,5.146586894989014,37.32664489746094,,,
31,1439,,,,,,,-1.6848924160003662,4.799288749694824,33.28469467163086
32,1449,,,,-1.6723411083221436,4.862645149230957,34.023494720458984,,,
32,1484,,,,,,,-1.6251198053359985,5.1122918128967285,38.11050033569336
33,1499,,,,-1.6228567361831665,5.073285102844238,38.12969207763672,,,
33,1529,,,,,,,-1.6979191303253174,4.718105792999268,32.29115295410156
34,1549,,,,-1.6391505002975464,4.9647674560546875,36.72565460205078,,,
34,1574,,,,,,,-1.7144049406051636,4.616912841796875,31.11502456665039
35,1599,,,,-1.7487009763717651,4.329329490661621,28.537710189819336,,,
35,1619,,,,,,,-1.6960413455963135,4.69722318649292,32.48933029174805
36,1649,,,,-1.77602219581604,4.217904090881348,26.797714233398438,,,
36,1664,,,,,,,-1.7133591175079346,4.613651275634766,31.212902069091797
37,1699,,,,-1.5757871866226196,5.316258907318115,42.4945068359375,,,
37,1709,,,,,,,-1.6935349702835083,4.734852313995361,32.601375579833984
38,1749,,,,-1.6715574264526367,4.777880668640137,34.08494186401367,,,
38,1754,,,,,,,-1.603171706199646,5.183027267456055,40.14605712890625
39,1799,,,,-1.736891508102417,4.5452423095703125,29.324352264404297,,,
39,1799,,,,,,,-1.6927909851074219,4.7627105712890625,32.721405029296875
40,1844,,,,,,,-1.7096425294876099,4.626347064971924,31.40380859375
41,1849,,,,-1.719394564628601,4.575301170349121,30.5299072265625,,,
41,1889,,,,,,,-1.7413859367370605,4.462620735168457,29.222192764282227
42,1899,,,,-1.8214246034622192,3.932187080383301,24.137678146362305,,,
42,1934,,,,,,,-1.7399004697799683,4.449110507965088,29.327144622802734
43,1949,,,,-1.703778624534607,4.588935375213623,31.64763832092285,,,
43,1979,,,,,,,-1.7102161645889282,4.617513179779053,31.416770935058594
44,1999,,,,-1.635724425315857,4.920166492462158,37.016517639160156,,,
44,2024,,,,,,,-1.667002558708191,4.817348480224609,34.60638427734375
45,2049,,,,-1.540687084197998,5.4967851638793945,46.071556091308594,,,
45,2069,,,,,,,-1.7294151782989502,4.492295742034912,30.043792724609375
46,2099,,,,-1.7464581727981567,4.551233768463135,28.685462951660156,,,
46,2114,,,,,,,-1.7123985290527344,4.634109973907471,31.158119201660156
47,2149,,,,-1.7377313375473022,4.515151023864746,29.267702102661133,,,
47,2159,,,,,,,-1.723393201828003,4.507275581359863,30.483911514282227
48,2199,,,,-1.6313165426254272,5.024890422821045,37.394126892089844,,,
48,2204,,,,,,,-1.7230390310287476,4.53646183013916,30.469972610473633
49,2249,,,,-1.6799631118774414,4.759948253631592,33.43157958984375,,,
49,2249,,,,,,,-1.6335817575454712,4.942883014678955,37.383480072021484
50,2294,,,,,,,-1.7674216032028198,4.288758754730225,27.477258682250977
51,2299,,,,-1.7196414470672607,4.457018852233887,30.512554168701172,,,
51,2339,,,,,,,-1.7590162754058838,4.404361248016357,28.025632858276367
52,2349,,,,-1.7619609832763672,4.426417827606201,27.679542541503906,,,
52,2384,,,,,,,-1.7462189197540283,4.421097278594971,28.878751754760742
53,2399,,,,-1.632442831993103,5.0377349853515625,37.29728698730469,,,
53,2429,,,,,,,-1.7891966104507446,4.16650915145874,26.141632080078125
54,2449,,,,-1.800722599029541,3.926229953765869,25.316133499145508,,,
54,2474,,,,,,,-1.7477096319198608,4.299475193023682,28.809398651123047
55,2499,,,,-1.7983624935150146,4.0812835693359375,25.454082489013672,,,
55,2519,,,,,,,-1.6629669666290283,4.762013912200928,34.904869079589844
56,2549,,,,-1.7246367931365967,4.438227653503418,30.16360855102539,,,
56,2564,,,,,,,-1.7546446323394775,4.331485748291016,28.370250701904297
57,2599,,,,-1.8147028684616089,3.9296793937683105,24.5141658782959,,,
57,2609,,,,,,,-1.7640084028244019,4.258082866668701,27.726694107055664
58,2649,,,,-1.684056282043457,4.6509881019592285,33.11796951293945,,,
58,2654,,,,,,,-1.806614875793457,4.002303600311279,25.112550735473633
59,2699,,,,-1.749251127243042,4.28759241104126,28.50157928466797,,,
59,2699,,,,,,,-1.7675844430923462,4.258040428161621,27.461139678955078
60,2744,,,,,,,-1.7996281385421753,4.040104389190674,25.557531356811523
61,2749,,,,-1.7978554964065552,3.9072790145874023,25.483814239501953,,,
61,2789,,,,,,,-1.8001999855041504,3.9806180000305176,25.47802734375
62,2799,,,,-1.8071415424346924,3.992706298828125,24.94470977783203,,,
62,2834,,,,,,,-1.8520179986953735,3.7746939659118652,22.5837459564209
63,2849,,,,-1.7444970607757568,4.273782730102539,28.815288543701172,,,
63,2879,,,,,,,-1.7910547256469727,4.099796772003174,26.063282012939453
64,2899,,,,-1.8333379030227661,3.5737485885620117,23.484542846679688,,,
64,2924,,,,,,,-1.8746261596679688,3.6681430339813232,21.46395492553711
65,2949,,,,-1.7038224935531616,4.539938449859619,31.644451141357422,,,
65,2969,,,,,,,-1.7556096315383911,4.268527030944824,28.204174041748047
66,2999,,,,-1.8341208696365356,3.9471991062164307,23.442241668701172,,,
66,3014,,,,,,,-1.8772037029266357,3.6250789165496826,21.361875534057617
67,3049,,,,-1.8204237222671509,3.8769845962524414,24.1933650970459,,,
67,3059,,,,,,,-1.8900314569473267,3.5371758937835693,20.772979736328125
68,3099,,,,-1.902233362197876,3.614961624145508,20.039485931396484,,,
68,3104,,,,,,,-1.7336217164993286,4.1534342765808105,29.751367568969727
69,3149,,,,-1.8132026195526123,3.9452121257781982,24.599002838134766,,,
69,3149,,,,,,,-1.8079360723495483,3.989331007003784,24.99094581604004
70,3194,,,,,,,-1.8506683111190796,3.7048189640045166,22.681289672851562
71,3199,,,,-1.8336659669876099,4.01747465133667,23.466815948486328,,,
71,3239,,,,,,,-1.8864152431488037,3.5914576053619385,20.896678924560547
72,3249,,,,-1.9466445446014404,3.2314529418945312,18.091541290283203,,,
72,3284,,,,,,,-1.9091116189956665,3.3748412132263184,19.90083885192871
73,3299,,,,-1.7682673931121826,4.018526554107666,27.280521392822266,,,
73,3329,,,,,,,-1.9074103832244873,3.4457650184631348,19.98140525817871
74,3349,,,,-1.8972103595733643,3.4998960494995117,20.272605895996094,,,
74,3374,,,,,,,-1.7841529846191406,4.148597240447998,26.486085891723633
75,3399,,,,-1.795158863067627,4.150996208190918,25.642555236816406,,,
75,3419,,,,,,,-1.8978006839752197,3.5799150466918945,20.355369567871094
76,3449,,,,-1.869687795639038,3.6176536083221436,21.59892463684082,,,
76,3464,,,,,,,-1.8113977909088135,3.906215190887451,24.809154510498047
77,3499,,,,-1.8455806970596313,3.5275158882141113,22.83175277709961,,,
77,3509,,,,,,,-1.9076533317565918,3.4918673038482666,19.92436408996582
78,3549,,,,-1.8177738189697266,3.8717806339263916,24.3414306640625,,,
78,3554,,,,,,,-1.9317480325698853,3.3476786613464355,18.844865798950195
79,3599,,,,-1.9466608762741089,3.309145927429199,18.090858459472656,,,
79,3599,,,,,,,-1.9415429830551147,3.289794683456421,18.4759464263916
80,3644,,,,,,,-1.9147999286651611,3.286210060119629,19.721845626831055
81,3649,,,,-1.8479210138320923,3.6176605224609375,22.709047317504883,,,
81,3689,,,,,,,-1.9477688074111938,3.224052906036377,18.187211990356445
82,3699,,,,-1.7389578819274902,4.195835590362549,29.185157775878906,,,
82,3734,,,,,,,-1.9637733697891235,3.1770660877227783,17.546894073486328
83,3749,,,,-2.0005202293395996,2.9024596214294434,15.98084545135498,,,
83,3779,,,,,,,-1.9249489307403564,3.354360342025757,19.130075454711914
84,3799,,,,-1.985653281211853,3.071561336517334,16.537385940551758,,,
84,3824,,,,,,,-1.862169861793518,3.452563762664795,22.28628158569336
85,3849,,,,-1.815719485282898,3.497589111328125,24.456851959228516,,,
85,3869,,,,,,,-1.9966437816619873,3.0498459339141846,16.248857498168945
86,3899,,,,-1.7960230112075806,3.835731267929077,25.591575622558594,,,
86,3914,,,,,,,-1.9686236381530762,3.097853183746338,17.398170471191406
87,3949,,,,-1.889278531074524,3.4526467323303223,20.646263122558594,,,
87,3959,,,,,,,-1.970216155052185,3.1415159702301025,17.34969139099121
88,3999,,,,-1.9340059757232666,3.233271360397339,18.625761032104492,,,
88,4004,,,,,,,-1.9985008239746094,3.0200817584991455,16.19389533996582
89,4049,,,,-1.868686556816101,3.5630135536193848,21.648780822753906,,,
89,4049,,,,,,,-1.8843376636505127,3.4735584259033203,20.998382568359375
90,4094,,,,,,,-2.019566774368286,2.860595464706421,15.555620193481445
91,4099,,,,-1.9522593021392822,3.3018786907196045,17.859146118164062,,,
91,4139,,,,,,,-2.0254101753234863,2.9410345554351807,15.255443572998047
92,4149,,,,-1.9000388383865356,3.292879581451416,20.141006469726562,,,
92,4184,,,,,,,-1.9251718521118164,3.352476119995117,19.225666046142578
93,4199,,,,-2.1517114639282227,2.6721858978271484,11.282584190368652,,,
93,4229,,,,,,,-1.9914600849151611,3.0146405696868896,16.530040740966797
94,4249,,,,-1.9337210655212402,3.3433141708374023,18.637989044189453,,,
94,4274,,,,,,,-1.9963371753692627,3.032182455062866,16.267902374267578
95,4299,,,,-1.9390686750411987,3.080953598022461,18.409896850585938,,,
95,4319,,,,,,,-1.985693335533142,3.0848805904388428,16.716968536376953
96,4349,,,,-1.9075722694396973,3.241826057434082,19.794641494750977,,,
96,4364,,,,,,,-2.0244483947753906,2.9032063484191895,15.321578025817871
97,4399,,,,-1.955663800239563,3.185183525085449,17.719696044921875,,,
97,4409,,,,,,,-2.022799491882324,2.9647090435028076,15.33284854888916
98,4449,,,,-2.0007965564727783,3.006927013397217,15.970687866210938,,,
98,4454,,,,,,,-1.9959527254104614,3.039471387863159,16.38034439086914
99,4499,,,,-2.0137922763824463,2.9061460494995117,15.499856948852539,,,
99,4499,,,,,,,-2.0484962463378906,2.730924367904663,14.52753734588623
100,4544,,,,,,,-2.0572359561920166,2.7376368045806885,14.215770721435547
101,4549,,,,-2.016712188720703,2.8668441772460938,15.395995140075684,,,
101,4589,,,,,,,-1.9588708877563477,3.106123208999634,17.860721588134766
102,4599,,,,-1.9839632511138916,3.0767292976379395,16.60186767578125,,,
102,4634,,,,,,,-1.9785054922103882,3.099821090698242,17.006549835205078
103,4649,,,,-1.9284634590148926,3.1040215492248535,18.864988327026367,,,
103,4679,,,,,,,-1.9981167316436768,3.0249247550964355,16.225099563598633
104,4699,,,,-1.9469414949417114,2.9031484127044678,18.079174041748047,,,
104,4724,,,,,,,-2.051872491836548,2.7176854610443115,14.414597511291504
105,4749,,,,-1.8926664590835571,3.223207950592041,20.485824584960938,,,
105,4769,,,,,,,-2.030939817428589,2.890561819076538,15.101330757141113
106,4799,,,,-1.9988703727722168,2.9918835163116455,16.041675567626953,,,
106,4814,,,,,,,-2.0309884548187256,2.941403865814209,15.063302040100098
107,4849,,,,-2.1658947467803955,2.4528403282165527,10.920064926147461,,,
107,4859,,,,,,,-2.064997434616089,2.7144522666931152,13.990442276000977
108,4899,,,,-2.112415313720703,2.6919162273406982,12.35107421875,,,
108,4904,,,,,,,-2.074077606201172,2.7675397396087646,13.67889404296875
109,4949,,,,-2.014234781265259,2.825937032699585,15.484068870544434,,,
109,4949,,,,,,,-1.9144537448883057,3.3013863563537598,19.885635375976562
110,4994,,,,,,,-2.088449478149414,2.621000051498413,13.220194816589355
111,4999,,,,-2.1100947856903076,2.6053900718688965,12.417244911193848,,,
111,5039,,,,,,,-2.1158058643341064,2.5777575969696045,12.472099304199219
112,5049,,,,-2.18861985206604,2.3135640621185303,10.363351821899414,,,
112,5084,,,,,,,-2.083920478820801,2.56300687789917,13.474267959594727
113,5099,,,,-2.0799038410186768,2.6169052124023438,13.311169624328613,,,
113,5129,,,,,,,-2.08566951751709,2.61370587348938,13.35375690460205
114,5149,,,,-2.1220126152038574,2.605422019958496,12.081123352050781,,,
114,5174,,,,,,,-1.9542579650878906,3.4058899879455566,18.025848388671875
115,5199,,,,-2.08250093460083,2.790773868560791,13.231806755065918,,,
115,5219,,,,,,,-2.115875482559204,2.565540313720703,12.416540145874023
116,5249,,,,-2.077364444732666,2.424243688583374,13.38923454284668,,,
116,5264,,,,,,,-2.057284116744995,2.7751269340515137,14.200360298156738
117,5299,,,,-1.863518238067627,3.3779382705688477,21.907955169677734,,,
117,5309,,,,,,,-2.1101393699645996,2.5906872749328613,12.627143859863281
118,5349,,,,-2.0501317977905273,2.8728713989257812,14.255690574645996,,,
118,5354,,,,,,,-2.0425868034362793,2.824711322784424,14.765703201293945
119,5399,,,,-2.1356794834136963,2.657397747039795,11.706863403320312,,,
119,5399,,,,,,,-2.070504903793335,2.8538007736206055,13.830934524536133
120,5444,,,,,,,-2.042041778564453,2.8713595867156982,14.691859245300293
121,5449,,,,-2.2533092498779297,2.2080986499786377,8.929166793823242,,,
121,5489,,,,,,,-1.895522952079773,3.420652389526367,20.50681495666504
122,5499,,,,-2.070586919784546,2.8659284114837646,13.599817276000977,,,
122,5534,,,,,,,-2.0897228717803955,2.598447799682617,13.24798583984375
123,5549,,,,-2.2808291912078857,2.118342876434326,8.380905151367188,,,
123,5579,,,,,,,-2.0735323429107666,2.753028392791748,13.68704891204834
124,5599,,,,-2.0588021278381348,2.7435576915740967,13.973909378051758,,,
124,5624,,,,,,,-2.1251065731048584,2.4249813556671143,12.32073974609375
125,5649,,,,-2.1707539558410645,2.411393880844116,10.798568725585938,,,
125,5669,,,,,,,-2.127656936645508,2.560077667236328,12.086469650268555
126,5699,,,,-1.9594786167144775,3.17536997795105,17.56473159790039,,,
126,5714,,,,,,,-2.0098025798797607,2.9360530376434326,15.820990562438965
127,5749,,,,-2.1906321048736572,2.4072065353393555,10.315439224243164,,,
127,5759,,,,,,,-2.1619579792022705,2.3636727333068848,11.276416778564453
128,5799,,,,-1.9568856954574585,3.0397987365722656,17.669910430908203,,,
128,5804,,,,,,,-2.1519296169281006,2.4641575813293457,11.483028411865234
129,5849,,,,-2.2127420902252197,2.3403310775756836,9.803426742553711,,,
129,5849,,,,,,,-2.1559464931488037,2.4049315452575684,11.370081901550293
130,5894,,,,,,,-2.1498842239379883,2.471994400024414,11.510808944702148
131,5899,,,,-2.146923542022705,2.483649730682373,11.407655715942383,,,
131,5939,,,,,,,-2.1834847927093506,2.317007303237915,10.707319259643555
132,5949,,,,-2.1862266063690186,2.5408072471618652,10.420616149902344,,,
132,5984,,,,,,,-2.0651190280914307,2.648911237716675,13.933002471923828
133,5999,,,,-2.060944080352783,2.727055788040161,13.905153274536133,,,
133,6029,,,,,,,-2.096320390701294,2.6442067623138428,13.051888465881348
134,6049,,,,-2.110250949859619,2.5039148330688477,12.412782669067383,,,
134,6074,,,,,,,-2.138042449951172,2.5158889293670654,11.835886001586914
135,6099,,,,-2.1450448036193848,2.59230375289917,11.457114219665527,,,
135,6119,,,,,,,-2.032608985900879,2.743356227874756,14.995311737060547
136,6149,,,,-2.230807304382324,2.3109121322631836,9.404004096984863,,,
136,6164,,,,,,,-2.138110399246216,2.417414903640747,11.978447914123535
137,6199,,,,-2.043062925338745,2.715686082839966,14.4896240234375,,,
137,6209,,,,,,,-2.0926284790039062,2.615384817123413,13.220935821533203
138,6249,,,,-2.0922231674194336,2.4694151878356934,12.938888549804688,,,
138,6254,,,,,,,-2.170171022415161,2.3679635524749756,11.08249568939209
139,6299,,,,-2.1757287979125977,2.4154915809631348,10.675575256347656,,,
139,6299,,,,,,,-2.1716678142547607,2.39289927482605,11.000479698181152
140,6344,,,,,,,-2.1381242275238037,2.468022108078003,11.84078598022461
141,6349,,,,-2.1066622734069824,2.5962018966674805,12.515779495239258,,,
141,6389,,,,,,,-2.1700942516326904,2.4260637760162354,11.029927253723145
142,6399,,,,-2.190514326095581,2.2298121452331543,10.318242073059082,,,
142,6434,,,,,,,-2.212999105453491,2.1882717609405518,10.00921630859375
143,6449,,,,-2.1247434616088867,2.4136950969696045,12.005395889282227,,,
143,6479,,,,,,,-2.1082866191864014,2.5481631755828857,12.599225997924805
144,6499,,,,-2.114158868789673,2.646778106689453,12.30158805847168,,,
144,6524,,,,,,,-2.1639938354492188,2.353502035140991,11.116186141967773
145,6549,,,,-2.2550883293151855,2.097532272338867,8.892662048339844,,,
145,6569,,,,,,,-2.081737756729126,2.748760223388672,13.49627685546875
146,6599,,,,-2.0502970218658447,2.823894500732422,14.250272750854492,,,
146,6614,,,,,,,-2.1645987033843994,2.2624635696411133,11.304808616638184
147,6649,,,,-2.0004916191101074,3.1172685623168945,15.98189926147461,,,
147,6659,,,,,,,-2.169959783554077,2.2741775512695312,11.076926231384277
148,6699,,,,-2.2501845359802246,2.38446044921875,8.99363899230957,,,
148,6704,,,,,,,-2.1840643882751465,2.343327760696411,10.618773460388184
149,6749,,,,-2.001037120819092,2.908271312713623,15.961835861206055,,,
149,6749,,,,,,,-2.071946859359741,2.7685444355010986,13.727777481079102
150,6794,,,,,,,-1.995127558708191,2.851900577545166,16.341533660888672
151,6799,,,,-2.171429395675659,2.4723963737487793,10.78178596496582,,,
151,6839,,,,,,,-2.030855178833008,2.818772554397583,15.051836967468262
152,6849,,,,-2.203721284866333,2.2655797004699707,10.009188652038574,,,
152,6884,,,,,,,-2.1071155071258545,2.5518999099731445,12.831341743469238
153,6899,,,,-2.2252495288848877,2.205261707305908,9.525121688842773,,,
153,6929,,,,,,,-2.177069902420044,2.339413642883301,10.90640640258789
154,6949,,,,-2.169224739074707,2.295990228652954,10.836655616760254,,,
154,6974,,,,,,,-2.1518924236297607,2.360506296157837,11.458263397216797
155,6999,,,,-2.1719295978546143,2.582148313522339,10.769375801086426,,,
155,7019,,,,,,,-2.2270009517669678,2.2193830013275146,9.681392669677734
156,7049,,,,-2.1242663860321045,2.608419418334961,12.018593788146973,,,
156,7064,,,,,,,-2.2286691665649414,2.1026904582977295,9.739846229553223
157,7099,,,,-2.2489569187164307,2.2085189819335938,9.0191011428833,,,
157,7109,,,,,,,-2.1446356773376465,2.4002716541290283,11.703621864318848
158,7149,,,,-2.0527048110961914,2.746971607208252,14.17148494720459,,,
158,7154,,,,,,,-2.2143518924713135,2.178741455078125,9.963846206665039
159,7199,,,,-2.244274139404297,2.1861977577209473,9.116873741149902,,,
159,7199,,,,,,,-2.158172607421875,2.3986995220184326,11.266840934753418
160,7244,,,,,,,-2.231111526489258,2.1234822273254395,9.59720230102539
161,7249,,,,-2.264441728591919,2.204012155532837,8.703187942504883,,,
161,7289,,,,,,,-2.209794521331787,2.279365301132202,10.044737815856934
162,7299,,,,-2.311317205429077,2.0527639389038086,7.812732696533203,,,
162,7334,,,,,,,-2.229525327682495,2.1734447479248047,9.643685340881348
163,7349,,,,-2.2402310371398926,2.196793556213379,9.202143669128418,,,
163,7379,,,,,,,-2.219282865524292,2.1916587352752686,9.810586929321289
164,7399,,,,-2.093172788619995,2.7069058418273926,12.910621643066406,,,
164,7424,,,,,,,-2.075254201889038,2.666168212890625,13.57553482055664
165,7449,,,,-2.1912853717803955,2.3683433532714844,10.299939155578613,,,
165,7469,,,,,,,-2.233262062072754,2.1384215354919434,9.548044204711914
166,7499,,,,-2.085883855819702,2.7328529357910156,13.12913703918457,,,
166,7514,,,,,,,-2.166614055633545,2.2935595512390137,11.039297103881836
167,7549,,,,-2.308612585067749,1.9212117195129395,7.86153507232666,,,
167,7559,,,,,,,-2.0471763610839844,2.6968064308166504,14.452892303466797
168,7599,,,,-2.345613479614258,1.9234087467193604,7.2194929122924805,,,
168,7604,,,,,,,-2.1828439235687256,2.2367398738861084,10.7332763671875
169,7649,,,,-2.1856634616851807,2.185255527496338,10.434131622314453,,,
169,7649,,,,,,,-2.207240104675293,2.1707396507263184,10.190153121948242
170,7694,,,,,,,-2.1592488288879395,2.425698757171631,11.262962341308594
171,7699,,,,-2.088587522506714,2.7348461151123047,13.047659873962402,,,
171,7739,,,,,,,-2.2175419330596924,2.2454683780670166,9.871545791625977
172,7749,,,,-2.2701032161712646,2.1611342430114746,8.590470314025879,,,
172,7784,,,,,,,-2.093980550765991,2.611997604370117,13.254988670349121
173,7799,,,,-2.150777578353882,2.3128342628479004,11.30687141418457,,,
173,7829,,,,,,,-2.135179281234741,2.68523907661438,11.853233337402344
174,7849,,,,-2.3960585594177246,1.8946176767349243,6.427786827087402,,,
174,7874,,,,,,,-2.18037748336792,2.3553884029388428,10.704209327697754
175,7899,,,,-2.1988179683685303,2.229642868041992,10.122832298278809,,,
175,7919,,,,,,,-2.179457187652588,2.236656904220581,10.852851867675781
176,7949,,,,-2.2333667278289795,2.1827476024627686,9.348745346069336,,,
176,7964,,,,,,,-2.2294797897338867,2.129237651824951,9.557401657104492
177,7999,,,,-2.263371229171753,2.140918493270874,8.724669456481934,,,
177,8009,,,,,,,-2.1848304271698,2.3304858207702637,10.649680137634277
178,8049,,,,-2.006730556488037,2.7651946544647217,15.753950119018555,,,
178,8054,,,,,,,-2.247507095336914,2.0986807346343994,9.284588813781738
179,8099,,,,-2.2261600494384766,2.1529550552368164,9.505170822143555,,,
179,8099,,,,,,,-2.0890185832977295,2.7193233966827393,13.113225936889648
180,8144,,,,,,,-2.2047951221466064,2.218292236328125,10.187596321105957
181,8149,,,,-2.2377007007598877,2.4901883602142334,9.255914688110352,,,
181,8189,,,,,,,-2.1537675857543945,2.403221607208252,11.346296310424805
182,8199,,,,-2.132528066635132,2.366708517074585,11.792116165161133,,,
182,8234,,,,,,,-2.2442924976348877,2.0724050998687744,9.392066955566406
183,8249,,,,-2.046811819076538,2.656512975692749,14.365084648132324,,,
183,8279,,,,,,,-2.1882851123809814,2.3158352375030518,10.482596397399902
184,8299,,,,-2.0758020877838135,2.681946277618408,13.437480926513672,,,
184,8324,,,,,,,-2.0898008346557617,2.6987102031707764,13.12769603729248
185,8349,,,,-2.32494854927063,2.056976318359375,7.571317672729492,,,
185,8369,,,,,,,-2.100529909133911,2.7091736793518066,12.793306350708008
186,8399,,,,-2.207723379135132,2.1764163970947266,9.917373657226562,,,
186,8414,,,,,,,-2.2481918334960938,2.088953971862793,9.15737247467041
187,8449,,,,-2.3698067665100098,1.7946113348007202,6.828310012817383,,,
187,8459,,,,,,,-2.151689291000366,2.4340920448303223,11.408853530883789
188,8499,,,,-2.165956974029541,2.090482711791992,10.918506622314453,,,
188,8504,,,,,,,-2.153646945953369,2.3569695949554443,11.366440773010254
189,8549,,,,-2.3499979972839355,1.9505409002304077,7.146971702575684,,,
189,8549,,,,,,,-2.2171711921691895,2.2163424491882324,9.917952537536621
190,8594,,,,,,,-2.26400089263916,2.031602382659912,8.94696044921875
191,8599,,,,-2.1575193405151367,2.165820360183716,11.132707595825195,,,
191,8639,,,,,,,-2.235701084136963,2.149892568588257,9.444207191467285
192,8649,,,,-2.2771594524383545,2.0337471961975098,8.452020645141602,,,
192,8684,,,,,,,-2.1432242393493652,2.471411943435669,11.678985595703125
193,8699,,,,-2.0893173217773438,2.4088315963745117,13.025752067565918,,,
193,8729,,,,,,,-2.0676417350769043,2.7273764610290527,13.918623924255371
194,8749,,,,-2.195746898651123,2.3654494285583496,10.194666862487793,,,
194,8774,,,,,,,-2.1464147567749023,2.461833953857422,11.670557975769043
195,8799,,,,-2.3468117713928223,1.976607322692871,7.199597358703613,,,
195,8819,,,,,,,-2.2697155475616455,1.98481285572052,8.826616287231445
196,8849,,,,-2.1965324878692627,2.25955867767334,10.176241874694824,,,
196,8864,,,,,,,-2.1940829753875732,2.2380945682525635,10.642565727233887
197,8899,,,,-2.396136522293091,1.626158595085144,6.426631450653076,,,
197,8909,,,,,,,-2.2258903980255127,2.2253193855285645,9.69277286529541
198,8949,,,,-2.4065070152282715,1.901901125907898,6.274989128112793,,,
198,8954,,,,,,,-2.195753335952759,2.243271827697754,10.56015396118164
199,8999,,,,-2.2896087169647217,1.9892144203186035,8.213177680969238,,,
199,8999,,,,,,,-2.2007293701171875,2.3390610218048096,10.228463172912598
200,9044,,,,,,,-1.965162754058838,2.973348379135132,17.79668617248535
201,9049,,,,-2.487069606781006,1.6863203048706055,5.212553977966309,,,
201,9089,,,,,,,-2.205779790878296,2.2488582134246826,10.23353385925293
202,9099,,,,-2.23056697845459,2.1595654487609863,9.40920639038086,,,
202,9134,,,,,,,-2.235597610473633,2.0633130073547363,9.59655475616455
203,9149,,,,-2.3139185905456543,1.805842399597168,7.766073703765869,,,
203,9179,,,,,,,-2.0396928787231445,2.6808724403381348,14.706705093383789
204,9199,,,,-2.2822697162628174,1.770608901977539,8.3531494140625,,,
204,9224,,,,,,,-2.1600136756896973,2.381211280822754,11.24006462097168
205,9249,,,,-2.162476062774658,2.364305257797241,11.006366729736328,,,
205,9269,,,,,,,-2.2268359661102295,2.1067473888397217,9.803787231445312
206,9299,,,,-2.3374056816101074,2.1176211833953857,7.357231140136719,,,
206,9314,,,,,,,-2.277812957763672,2.0035228729248047,8.620882987976074
207,9349,,,,-2.298104763031006,2.001214027404785,8.054065704345703,,,
207,9359,,,,,,,-2.30416202545166,1.890238881111145,8.192602157592773
208,9399,,,,-2.317847728729248,1.9617018699645996,7.696128845214844,,,
208,9404,,,,,,,-2.210860252380371,2.168278217315674,10.161709785461426
209,9449,,,,-2.306831121444702,1.8893942832946777,7.893849849700928,,,
209,9449,,,,,,,-2.230393886566162,2.1481943130493164,9.531277656555176
210,9494,,,,,,,-2.1548845767974854,2.4954135417938232,11.370509147644043
211,9499,,,,-2.280116319656372,2.0078532695770264,8.394672393798828,,,
211,9539,,,,,,,-2.2616403102874756,2.0502333641052246,8.926067352294922
212,9549,,,,-2.1866774559020996,2.4119324684143066,10.409804344177246,,,
212,9584,,,,,,,-2.2299084663391113,2.1537649631500244,9.569979667663574
213,9599,,,,-2.398650884628296,1.671924114227295,6.389532566070557,,,
213,9629,,,,,,,-2.280369758605957,1.9844461679458618,8.600916862487793
214,9649,,,,-2.2644150257110596,2.1854147911071777,8.703722953796387,,,
214,9674,,,,,,,-2.2166688442230225,2.198760986328125,10.091227531433105
215,9699,,,,-2.4627249240875244,1.724787950515747,5.513092517852783,,,
215,9719,,,,,,,-2.20410418510437,2.203605890274048,10.204861640930176
216,9749,,,,-2.406508207321167,1.960059404373169,6.274972438812256,,,
216,9764,,,,,,,-2.175157070159912,2.2723190784454346,10.83572006225586
217,9799,,,,-2.260542869567871,2.096968173980713,8.781669616699219,,,
217,9809,,,,,,,-2.210069179534912,2.189934730529785,10.102470397949219
218,9849,,,,-2.3149874210357666,1.9108847379684448,7.746983051300049,,,
218,9854,,,,,,,-2.1213793754577637,2.4567534923553467,12.228524208068848
219,9899,,,,-2.405257225036621,1.8104990720748901,6.293071269989014,,,
219,9899,,,,,,,-2.2212283611297607,2.1105120182037354,9.980636596679688
220,9944,,,,,,,-2.2093491554260254,2.1925039291381836,10.008244514465332
221,9949,,,,-2.4672739505767822,1.7008171081542969,5.4556450843811035,,,
221,9989,,,,,,,-2.2674736976623535,1.9818336963653564,9.021014213562012
222,9999,,,,-2.4383397102355957,1.7355966567993164,5.831499099731445,,,
222,10034,,,,,,,-2.2298102378845215,2.114189386367798,9.792060852050781
223,10049,,,,-2.271636962890625,2.0408780574798584,8.560186386108398,,,
223,10079,,,,,,,-2.214353084564209,2.2330002784729004,9.97215461730957
224,10099,,,,-2.4541587829589844,1.6238682270050049,5.622912406921387,,,
224,10124,,,,,,,-2.150186061859131,2.32641863822937,11.503912925720215
225,10149,,,,-2.412440538406372,1.8500127792358398,6.189841270446777,,,
225,10169,,,,,,,-2.248641014099121,2.113316059112549,9.231602668762207
226,10199,,,,-2.372295618057251,1.7565057277679443,6.789290904998779,,,
226,10214,,,,,,,-2.2689146995544434,2.0174715518951416,8.91172981262207
227,10249,,,,-2.3565404415130615,1.8897817134857178,7.040111541748047,,,
227,10259,,,,,,,-2.298013925552368,1.9029769897460938,8.304216384887695
228,10299,,,,-2.2201461791992188,2.102804183959961,9.637711524963379,,,
228,10304,,,,,,,-2.233243465423584,2.1725363731384277,9.480463027954102
229,10349,,,,-2.3687124252319336,2.0039632320404053,6.845538139343262,,,
229,10349,,,,,,,-2.174823760986328,2.301771402359009,10.874581336975098
230,10394,,,,,,,-2.25736141204834,2.0156068801879883,9.093375205993652
231,10399,,,,-2.428298234939575,1.6345843076705933,5.967899322509766,,,
231,10439,,,,,,,-2.2514796257019043,2.0596117973327637,9.11098861694336
232,10449,,,,-2.2825520038604736,1.899770736694336,8.3477201461792,,,
232,10484,,,,,,,-2.1948232650756836,2.19642972946167,10.346685409545898
233,10499,,,,-2.448859930038452,1.720193862915039,5.691936492919922,,,
233,10529,,,,,,,-2.2555363178253174,2.1089165210723877,9.079057693481445
234,10549,,,,-2.507188320159912,1.6021260023117065,4.97658634185791,,,
234,10574,,,,,,,-2.2516236305236816,2.07889723777771,9.217564582824707
235,10599,,,,-2.466099977493286,1.6614147424697876,5.4704132080078125,,,
235,10619,,,,,,,-2.289470672607422,1.9273207187652588,8.512866020202637
236,10649,,,,-2.408475875854492,1.869491457939148,6.246607303619385,,,
236,10664,,,,,,,-2.311119794845581,1.8709434270858765,8.064820289611816
237,10699,,,,-2.1289737224578857,2.406672477722168,11.889028549194336,,,
237,10709,,,,,,,-2.1906120777130127,2.2943763732910156,10.508881568908691
238,10749,,,,-2.3652570247650146,1.9100017547607422,6.900219440460205,,,
238,10754,,,,,,,-2.2697858810424805,2.0306804180145264,8.783350944519043
239,10799,,,,-2.5398988723754883,1.5574724674224854,4.615524768829346,,,
239,10799,,,,,,,-2.252833604812622,2.1632635593414307,9.19002628326416
240,10844,,,,,,,-2.3028879165649414,1.8472094535827637,8.307219505310059
241,10849,,,,-2.4675190448760986,1.6457939147949219,5.452566146850586,,,
241,10889,,,,,,,-2.2287545204162598,2.143280506134033,9.731162071228027
242,10899,,,,-2.32014799118042,2.0161190032958984,7.655470848083496,,,
242,10934,,,,,,,-2.2744619846343994,2.035743474960327,8.749174118041992
243,10949,,,,-2.378293514251709,1.7913544178009033,6.696169376373291,,,
243,10979,,,,,,,-2.276902437210083,1.9579722881317139,8.697919845581055
244,10999,,,,-2.411776542663574,1.782641887664795,6.199314117431641,,,
244,11024,,,,,,,-2.1749236583709717,2.161917209625244,11.03467082977295
245,11049,,,,-2.4763011932373047,1.7030436992645264,5.343414306640625,,,
245,11069,,,,,,,-2.3082900047302246,1.9217556715011597,8.092803001403809
246,11099,,,,-2.4708852767944336,1.533780813217163,5.410465717315674,,,
246,11114,,,,,,,-2.248411178588867,2.0366058349609375,9.306548118591309
247,11149,,,,-2.511540174484253,1.4880669116973877,4.926970481872559,,,
247,11159,,,,,,,-2.320066213607788,1.8902184963226318,7.9797210693359375
248,11199,,,,-2.171543598175049,2.2547106742858887,10.778949737548828,,,
248,11204,,,,,,,-2.3161051273345947,1.8434364795684814,7.985870361328125
249,11249,,,,-2.408583164215088,1.9496705532073975,6.245063781738281,,,
249,11249,,,,,,,-2.252857208251953,2.036526918411255,9.173627853393555
250,11294,,,,,,,-2.259519338607788,2.031522035598755,9.120755195617676
251,11299,,,,-2.6639833450317383,1.1991726160049438,3.4684600830078125,,,
251,11339,,,,,,,-2.320324659347534,1.8220716714859009,7.943341255187988
252,11349,,,,-2.5208423137664795,1.5665208101272583,4.822561264038086,,,
252,11384,,,,,,,-2.258754253387451,2.055807590484619,9.092599868774414
253,11399,,,,-2.3658225536346436,1.7390003204345703,6.89124059677124,,,
253,11429,,,,,,,-2.210862398147583,2.151533603668213,10.110218048095703
254,11449,,,,-2.6808438301086426,1.349794864654541,3.3363852500915527,,,
254,11474,,,,,,,-2.309622049331665,1.8471201658248901,8.16374397277832
255,11499,,,,-2.274322271347046,2.11826491355896,8.507415771484375,,,
255,11519,,,,,,,-2.3072152137756348,1.9047632217407227,8.225157737731934
256,11549,,,,-2.412055015563965,1.6566274166107178,6.195338249206543,,,
256,11564,,,,,,,-2.2844252586364746,1.9712910652160645,8.45734977722168
257,11599,,,,-2.5513195991516113,1.5087168216705322,4.495731353759766,,,
257,11609,,,,,,,-2.237356424331665,2.0929784774780273,9.479151725769043
258,11649,,,,-2.3482377529144287,1.889040470123291,7.17599630355835,,,
258,11654,,,,,,,-2.1655845642089844,2.327669143676758,11.025458335876465
259,11699,,,,-2.4340014457702637,1.7434055805206299,5.890042304992676,,,
259,11699,,,,,,,-2.2708351612091064,1.9757012128829956,8.87803840637207
260,11744,,,,,,,-2.239765167236328,2.088740110397339,9.541051864624023
261,11749,,,,-2.244807720184326,1.9154770374298096,9.105680465698242,,,
261,11789,,,,,,,-2.071645498275757,2.593501091003418,13.689703941345215
262,11799,,,,-2.3915858268737793,1.8226243257522583,6.494326591491699,,,
262,11834,,,,,,,-2.30297589302063,1.864725112915039,8.246665000915527
263,11849,,,,-2.6733617782592773,1.2416749000549316,3.3943631649017334,,,
263,11879,,,,,,,-2.2976653575897217,1.933095097541809,8.253101348876953
264,11899,,,,-2.6464877128601074,1.3222243785858154,3.6110405921936035,,,
264,11924,,,,,,,-2.2592008113861084,2.043926954269409,9.053805351257324
265,11949,,,,-2.522862434387207,1.45353102684021,4.8001813888549805,,,
265,11969,,,,,,,-2.268839120864868,1.9465187788009644,8.774258613586426
266,11999,,,,-2.5225987434387207,1.4918873310089111,4.803097724914551,,,
266,12014,,,,,,,-2.3070995807647705,1.8256124258041382,8.143065452575684
267,12049,,,,-2.572631359100342,1.6134220361709595,4.280444145202637,,,
267,12059,,,,,,,-2.284170627593994,1.974782943725586,8.583105087280273
268,12099,,,,-2.5044567584991455,1.6139326095581055,5.007988929748535,,,
268,12104,,,,,,,-2.3001458644866943,1.8973766565322876,8.262699127197266
269,12149,,,,-2.625866413116455,1.4742131233215332,3.7866363525390625,,,
269,12149,,,,,,,-2.2456235885620117,2.0061662197113037,9.297714233398438
270,12194,,,,,,,-2.3348515033721924,1.7997550964355469,7.653951644897461
271,12199,,,,-2.5542654991149902,1.4830812215805054,4.465339183807373,,,
271,12239,,,,,,,-2.276456832885742,2.058875322341919,8.624503135681152
272,12249,,,,-2.511638879776001,1.6374032497406006,4.925848960876465,,,
272,12284,,,,,,,-2.3242506980895996,1.7674764394760132,7.928501129150391
273,12299,,,,-2.5605478286743164,1.4466902017593384,4.401209831237793,,,
273,12329,,,,,,,-2.318878173828125,1.8340890407562256,7.904564380645752
274,12349,,,,-2.52506685256958,1.4770694971084595,4.775875568389893,,,
274,12374,,,,,,,-2.317690134048462,1.8135883808135986,8.042243957519531
275,12399,,,,-2.672579050064087,1.3229002952575684,3.4004859924316406,,,
275,12419,,,,,,,-2.3424596786499023,1.767816424369812,7.537005424499512
276,12449,,,,-2.3569581508636475,1.7830264568328857,7.0333428382873535,,,
276,12464,,,,,,,-2.223902463912964,2.177532911300659,9.84024715423584
277,12499,,,,-2.587381601333618,1.3721156120300293,4.137504577636719,,,
277,12509,,,,,,,-2.2698891162872314,1.9312947988510132,8.962992668151855
278,12549,,,,-2.4941470623016357,1.5821998119354248,5.128294944763184,,,
278,12554,,,,,,,-2.1972222328186035,2.1681578159332275,10.331598281860352
279,12599,,,,-2.810231924057007,1.182783603668213,2.4767837524414062,,,
279,12599,,,,,,,-2.264793872833252,1.9694935083389282,8.881897926330566
280,12644,,,,,,,-2.233718156814575,2.1383256912231445,9.542350769042969
281,12649,,,,-2.69258713722229,1.2478464841842651,3.247380256652832,,,
281,12689,,,,,,,-2.2790637016296387,1.9281021356582642,8.607087135314941
282,12699,,,,-2.515252113342285,1.4965612888336182,4.885035991668701,,,
282,12734,,,,,,,-2.32468843460083,1.8087838888168335,7.875929355621338
283,12749,,,,-2.7510433197021484,1.278939962387085,2.8384203910827637,,,
283,12779,,,,,,,-2.3253378868103027,1.7940617799758911,7.836857318878174
284,12799,,,,-2.6417887210845947,1.21073579788208,3.650324821472168,,,
284,12824,,,,,,,-2.079585075378418,2.433685064315796,13.488426208496094
285,12849,,,,-2.4820680618286133,1.5939037799835205,5.2729291915893555,,,
285,12869,,,,,,,-2.3280155658721924,1.8166579008102417,7.754383563995361
286,12899,,,,-2.337251901626587,2.179917812347412,7.359833717346191,,,
286,12914,,,,,,,-2.191441774368286,2.2549800872802734,10.446409225463867
287,12949,,,,-2.523804187774658,1.5328423976898193,4.789783477783203,,,
287,12959,,,,,,,-2.189038038253784,2.169891834259033,10.487313270568848
288,12999,,,,-2.478365182876587,1.7630332708358765,5.318080902099609,,,
288,13004,,,,,,,-2.2599308490753174,1.9338200092315674,8.958724021911621
289,13049,,,,-2.549637794494629,1.6344430446624756,4.513175964355469,,,
289,13049,,,,,,,-2.297670602798462,1.879235863685608,8.288103103637695
290,13094,,,,,,,-2.18536639213562,2.0816752910614014,10.793456077575684
291,13099,,,,-2.5053863525390625,1.5511102676391602,4.997279167175293,,,
291,13139,,,,,,,-2.350928544998169,1.7404115200042725,7.4221062660217285
292,13149,,,,-2.5104424953460693,1.5554007291793823,4.9394378662109375,,,
292,13184,,,,,,,-2.2492804527282715,2.0569348335266113,9.146808624267578
293,13199,,,,-2.73588228225708,1.2177932262420654,2.939258575439453,,,
293,13229,,,,,,,-2.2602694034576416,1.9550247192382812,8.998689651489258
294,13249,,,,-2.6794822216033936,1.3950501680374146,3.3468639850616455,,,
294,13274,,,,,,,-2.299027442932129,1.8865002393722534,8.228958129882812
295,13299,,,,-2.4978365898132324,1.6838493347167969,5.084912300109863,,,
295,13319,,,,,,,-2.34963321685791,1.7388209104537964,7.358652114868164
296,13349,,,,-2.5891964435577393,1.4134891033172607,4.120250701904297,,,
296,13364,,,,,,,-2.2905843257904053,1.8531166315078735,8.401449203491211
297,13399,,,,-2.578754425048828,1.424797534942627,4.220517158508301,,,
297,13409,,,,,,,-2.1596555709838867,2.333380937576294,11.42097282409668
298,13449,,,,-2.549257278442383,1.5099458694458008,4.517131805419922,,,
298,13454,,,,,,,-2.253139019012451,2.0186102390289307,9.133593559265137
299,13499,,,,-2.5718607902526855,1.551718831062317,4.2880425453186035,,,
299,13499,,,,,,,-2.3237979412078857,1.7944345474243164,7.830749988555908
300,13544,,,,,,,-2.3210256099700928,1.8011603355407715,7.895684242248535
301,13549,,,,-2.7245538234710693,1.1373168230056763,3.0169363021850586,,,
301,13589,,,,,,,-2.2767605781555176,2.006568670272827,8.673824310302734
302,13599,,,,-2.4275426864624023,1.6030237674713135,5.978296279907227,,,
302,13634,,,,,,,-2.056772232055664,2.5805249214172363,14.207109451293945
303,13649,,,,-2.3576815128326416,1.867248773574829,7.021640300750732,,,
303,13679,,,,,,,-2.275499105453491,1.9494954347610474,8.792010307312012
304,13699,,,,-2.3625054359436035,1.8575043678283691,6.944074630737305,,,
304,13724,,,,,,,-2.2371788024902344,2.0679404735565186,9.501574516296387
305,13749,,,,-2.6415114402770996,1.3429033756256104,3.6526551246643066,,,
305,13769,,,,,,,-2.262233257293701,1.9929406642913818,8.892135620117188
306,13799,,,,-2.77728009223938,1.2090061902999878,2.67202091217041,,,
306,13814,,,,,,,-2.1605031490325928,2.18265962600708,11.167035102844238
307,13849,,,,-2.541677474975586,1.5455296039581299,4.596663475036621,,,
307,13859,,,,,,,-2.2415761947631836,2.0010457038879395,9.315512657165527
308,13899,,,,-2.7087509632110596,1.318533182144165,3.1287381649017334,,,
308,13904,,,,,,,-2.338387966156006,1.7533553838729858,7.533117771148682
309,13949,,,,-2.567164182662964,1.4816797971725464,4.33466911315918,,,
309,13949,,,,,,,-2.28684401512146,1.930003046989441,8.431609153747559
310,13994,,,,,,,-2.279630422592163,2.010450839996338,8.682466506958008
311,13999,,,,-2.779110908508301,1.230954647064209,2.660780191421509,,,
311,14039,,,,,,,-2.323336124420166,1.8044281005859375,7.879203796386719
312,14049,,,,-2.83078670501709,1.141221523284912,2.362290620803833,,,
312,14084,,,,,,,-2.2499566078186035,2.056333541870117,9.265593528747559
313,14099,,,,-2.749002456665039,1.2958498001098633,2.8517894744873047,,,
313,14129,,,,,,,-2.1594491004943848,2.3196310997009277,11.219867706298828
314,14149,,,,-2.858234167098999,1.1496601104736328,2.2176127433776855,,,
314,14174,,,,,,,-2.2870752811431885,1.8879233598709106,8.56381607055664
315,14199,,,,-2.6142728328704834,1.3939106464385986,3.8890819549560547,,,
315,14219,,,,,,,-2.312235116958618,1.860605239868164,8.116595268249512
316,14249,,,,-2.7093749046325684,1.1773959398269653,3.1242456436157227,,,
316,14264,,,,,,,-2.280545711517334,1.934041142463684,8.703754425048828
317,14299,,,,-2.6674506664276123,1.3272887468338013,3.440877676010132,,,
317,14309,,,,,,,-2.3066723346710205,1.832634687423706,8.08449935913086
318,14349,,,,-2.5203287601470947,1.5070085525512695,4.828267574310303,,,
318,14354,,,,,,,-2.2962846755981445,1.9328131675720215,8.296420097351074
319,14399,,,,-2.771028995513916,1.1408414840698242,2.7107603549957275,,,
319,14399,,,,,,,-2.333730697631836,1.7672410011291504,7.698617458343506
320,14444,,,,,,,-2.243966817855835,1.955636978149414,9.501958847045898
321,14449,,,,-2.6393544673919678,1.4955463409423828,3.6708405017852783,,,
321,14489,,,,,,,-2.274864435195923,1.8958736658096313,8.745729446411133
322,14499,,,,-2.7789487838745117,1.2593605518341064,2.6617746353149414,,,
322,14534,,,,,,,-2.2966396808624268,1.84650719165802,8.246435165405273
323,14549,,,,-2.685175895690918,1.3432047367095947,3.303270101547241,,,
323,14579,,,,,,,-2.313030481338501,1.813059687614441,8.035917282104492
324,14599,,,,-2.651017189025879,1.4819443225860596,3.5735764503479004,,,
324,14624,,,,,,,-2.3088502883911133,1.8148967027664185,8.120457649230957
325,14649,,,,-2.772650718688965,1.2759242057800293,2.7006564140319824,,,
325,14669,,,,,,,-2.30149245262146,1.8378870487213135,8.288447380065918
326,14699,,,,-2.8367810249328613,1.0298724174499512,2.329909324645996,,,
326,14714,,,,,,,-2.314751386642456,1.7724359035491943,7.942394733428955
327,14749,,,,-2.6204018592834473,1.524317979812622,3.8345842361450195,,,
327,14759,,,,,,,-2.3057949542999268,1.881685733795166,8.21731948852539
328,14799,,,,-2.528557062149048,1.5129914283752441,4.737651824951172,,,
328,14804,,,,,,,-2.316856861114502,1.8091775178909302,7.942049980163574
329,14849,,,,-2.443613290786743,1.659886360168457,5.761116981506348,,,
329,14849,,,,,,,-2.2629809379577637,1.9518533945083618,9.025564193725586
330,14894,,,,,,,-2.2582485675811768,1.9156396389007568,8.976033210754395
331,14899,,,,-2.512730598449707,1.6685636043548584,4.913481712341309,,,
331,14939,,,,,,,-2.2840569019317627,1.8477095365524292,8.481770515441895
332,14949,,,,-2.577280282974243,1.3270680904388428,4.234866142272949,,,
332,14984,,,,,,,-2.3111636638641357,1.788817048072815,8.087605476379395
333,14999,,,,-2.661755084991455,1.3386725187301636,3.4863007068634033,,,
333,15029,,,,,,,-2.2925853729248047,1.8522371053695679,8.290868759155273
334,15049,,,,-2.596022367477417,1.5740878582000732,4.055997371673584,,,
334,15074,,,,,,,-2.2424156665802,2.0168495178222656,9.408330917358398
335,15099,,,,-2.555108070373535,1.5096156597137451,4.4566850662231445,,,
335,15119,,,,,,,-2.2222580909729004,2.129788398742676,9.770589828491211
336,15149,,,,-2.9681785106658936,0.9775761365890503,1.7216360569000244,,,
336,15164,,,,,,,-2.2642710208892822,1.9128687381744385,9.126335144042969
337,15199,,,,-2.807546615600586,1.1446517705917358,2.492145538330078,,,
337,15209,,,,,,,-2.335106134414673,1.7040705680847168,7.70885705947876
338,15249,,,,-2.8873186111450195,1.0916409492492676,2.0739643573760986,,,
338,15254,,,,,,,-2.3074326515197754,1.7922688722610474,8.093428611755371
339,15299,,,,-2.542156934738159,1.4163039922714233,4.591592311859131,,,
339,15299,,,,,,,-2.3075387477874756,1.8165502548217773,8.054169654846191
340,15344,,,,,,,-2.2677648067474365,1.9018138647079468,8.799270629882812
341,15349,,,,-2.6893997192382812,1.362307071685791,3.271298408508301,,,
341,15389,,,,,,,-2.3165154457092285,1.7859654426574707,7.994130611419678
342,15399,,,,-2.7187604904174805,1.299957036972046,3.057450771331787,,,
342,15434,,,,,,,-2.2566370964050293,1.9290647506713867,9.04735279083252
343,15449,,,,-2.960951805114746,1.050050973892212,1.7505245208740234,,,
343,15479,,,,,,,-2.1262428760528564,2.1924352645874023,12.056682586669922
344,15499,,,,-2.897585153579712,0.9990400075912476,2.025512218475342,,,
344,15524,,,,,,,-2.308528423309326,1.815597414970398,8.061758041381836
345,15549,,,,-2.800370931625366,1.1358474493026733,2.533663272857666,,,
345,15569,,,,,,,-2.2799620628356934,1.8805886507034302,8.601181983947754
346,15599,,,,-2.6094300746917725,1.5046651363372803,3.932691812515259,,,
346,15614,,,,,,,-2.1924691200256348,2.020578384399414,10.391831398010254
347,15649,,,,-3.0597686767578125,0.8681524991989136,1.3942837715148926,,,
347,15659,,,,,,,-2.2915046215057373,1.9048254489898682,8.360942840576172
348,15699,,,,-2.801661729812622,1.189100742340088,2.526144504547119,,,
348,15704,,,,,,,-2.3146865367889404,1.8386359214782715,7.9182353019714355
349,15749,,,,-2.7621638774871826,1.2061365842819214,2.7666635513305664,,,
349,15749,,,,,,,-2.3100812435150146,1.8123500347137451,8.029305458068848
350,15794,,,,,,,-2.3342108726501465,1.7747355699539185,7.61720085144043
351,15799,,,,-3.0505340099334717,0.8862731456756592,1.4242489337921143,,,
351,15839,,,,,,,-2.262986421585083,1.9516268968582153,9.010287284851074
352,15849,,,,-2.791170120239258,1.1141318082809448,2.5879149436950684,,,
352,15884,,,,,,,-2.3113481998443604,1.8362990617752075,8.036613464355469
353,15899,,,,-2.933669090270996,0.9984946846961975,1.8640210628509521,,,
353,15929,,,,,,,-2.2787363529205322,1.888517141342163,8.578715324401855
354,15949,,,,-2.828606367111206,1.1657352447509766,2.374180316925049,,,
354,15974,,,,,,,-2.291935443878174,1.8460015058517456,8.430612564086914
355,15999,,,,-2.6369130611419678,1.446293830871582,3.6915340423583984,,,
355,16019,,,,,,,-2.2868850231170654,1.8733552694320679,8.421710968017578
356,16049,,,,-2.8174538612365723,1.1719961166381836,2.43593692779541,,,
356,16064,,,,,,,-2.3113603591918945,1.8077880144119263,8.034241676330566
357,16099,,,,-3.0694968700408936,0.8832798004150391,1.3634001016616821,,,
357,16109,,,,,,,-2.2641313076019287,1.9097703695297241,8.812562942504883
358,16149,,,,-3.045747756958008,0.8776713609695435,1.4400322437286377,,,
358,16154,,,,,,,-2.2610690593719482,1.9574835300445557,8.938217163085938
359,16199,,,,-2.7183210849761963,1.288474678993225,3.0605478286743164,,,
359,16199,,,,,,,-2.250977039337158,1.9594378471374512,9.103279113769531
360,16244,,,,,,,-2.313814878463745,1.787489414215088,7.993216514587402
361,16249,,,,-2.5535216331481934,1.568695068359375,4.472994804382324,,,
361,16289,,,,,,,-2.3140814304351807,1.8157159090042114,8.0601806640625
362,16299,,,,-2.924197196960449,0.965585470199585,1.9051225185394287,,,
362,16334,,,,,,,-2.3039145469665527,1.8542927503585815,8.133512496948242
363,16349,,,,-2.7235107421875,1.2456963062286377,3.0241894721984863,,,
363,16379,,,,,,,-2.2974679470062256,1.7834641933441162,8.258065223693848
364,16399,,,,-2.8093156814575195,1.106851577758789,2.482015371322632,,,
364,16424,,,,,,,-2.3290107250213623,1.7229926586151123,7.698955535888672
365,16449,,,,-2.998333215713501,0.9633675813674927,1.606152057647705,,,
365,16469,,,,,,,-2.3039822578430176,1.8303430080413818,8.10772705078125
366,16499,,,,-2.9252660274505615,0.9937968850135803,1.9004395008087158,,,
366,16514,,,,,,,-2.300597906112671,1.8241904973983765,8.242494583129883
367,16549,,,,-2.9511306285858154,1.0191879272460938,1.7905611991882324,,,
367,16559,,,,,,,-2.3020448684692383,1.8290762901306152,8.18096923828125
368,16599,,,,-2.7510616779327393,1.257285475730896,2.8383002281188965,,,
368,16604,,,,,,,-2.2773163318634033,1.834061622619629,8.656694412231445
369,16649,,,,-2.8689517974853516,1.0600947141647339,2.163555860519409,,,
369,16649,,,,,,,-2.2948644161224365,1.8184007406234741,8.254594802856445
370,16694,,,,,,,-2.3197336196899414,1.7693326473236084,7.866255283355713
371,16699,,,,-3.098940849304199,0.8026925325393677,1.2740286588668823,,,
371,16739,,,,,,,-2.2776410579681396,1.8633129596710205,8.585957527160645
372,16749,,,,-2.8315396308898926,1.1702945232391357,2.3581995964050293,,,
372,16784,,,,,,,-2.2287659645080566,1.929209589958191,9.580405235290527
373,16799,,,,-3.098698377609253,0.8601607084274292,1.274740219116211,,,
373,16829,,,,,,,-2.2987658977508545,1.7808459997177124,8.195694923400879
374,16849,,,,-2.6553573608398438,1.401123285293579,3.538039207458496,,,
374,16874,,,,,,,-2.089982748031616,2.471778154373169,13.0753812789917
375,16899,,,,-2.6616735458374023,1.3976123332977295,3.486955404281616,,,
375,16919,,,,,,,-2.2711079120635986,1.8969941139221191,8.793129920959473
376,16949,,,,-2.9696500301361084,1.0067380666732788,1.715813159942627,,,
376,16964,,,,,,,-2.2892849445343018,1.8465567827224731,8.45788860321045
377,16999,,,,-3.0383949279785156,0.9108333587646484,1.4646207094192505,,,
377,17009,,,,,,,-2.2779343128204346,1.8403648138046265,8.649683952331543
378,17049,,,,-2.768538475036621,1.1546303033828735,2.7263498306274414,,,
378,17054,,,,,,,-2.2547428607940674,1.918186902999878,9.006173133850098
379,17099,,,,-2.935659170150757,0.9951029419898987,1.8554997444152832,,,
379,17099,,,,,,,-2.2340328693389893,1.9885882139205933,9.434836387634277
380,17144,,,,,,,-2.2829272747039795,1.8679447174072266,8.490541458129883
381,17149,,,,-3.017456293106079,0.9461263418197632,1.5369640588760376,,,
381,17189,,,,,,,-2.2874045372009277,1.8523777723312378,8.392674446105957
382,17199,,,,-3.0321061611175537,0.9425522089004517,1.48598313331604,,,
382,17234,,,,,,,-2.227680206298828,2.029388666152954,9.569379806518555
383,17249,,,,-2.957993745803833,1.0086263418197632,1.7624883651733398,,,
383,17279,,,,,,,-2.3070595264434814,1.74620521068573,8.07813835144043
384,17299,,,,-2.9216208457946777,0.9605191349983215,1.916457176208496,,,
384,17324,,,,,,,-2.2903480529785156,1.8099790811538696,8.327622413635254
385,17349,,,,-3.065533399581909,0.8441833257675171,1.3758983612060547,,,
385,17369,,,,,,,-2.2801268100738525,1.8232572078704834,8.596531867980957
386,17399,,,,-3.0009543895721436,0.9681902527809143,1.5964879989624023,,,
386,17414,,,,,,,-2.267949104309082,1.871289610862732,8.767569541931152
387,17449,,,,-2.645388126373291,1.2230026721954346,3.620194673538208,,,
387,17459,,,,,,,-2.2784104347229004,1.8372323513031006,8.634574890136719
388,17499,,,,-2.8202693462371826,1.1745281219482422,2.4201974868774414,,,
388,17504,,,,,,,-2.29819655418396,1.7579277753829956,8.258016586303711
389,17549,,,,-2.963294267654419,0.9405216574668884,1.7411091327667236,,,
389,17549,,,,,,,-2.3075108528137207,1.7778425216674805,8.090923309326172
390,17594,,,,,,,-2.3262414932250977,1.7034363746643066,7.724714279174805
391,17599,,,,-3.0489563941955566,0.9166957139968872,1.4294332265853882,,,
391,17639,,,,,,,-2.286736249923706,1.854506254196167,8.393367767333984
392,17640,,,,,,,-2.3509271144866943,1.7404121160507202,7.422122001647949
392,17640,-2.3365957736968994,1.783784031867981,7.5105767250061035,,,,,,
